<AuditTrails xmlns:xsi="http://www.w3.org/2001/XMLSchema-instance" FormatVersion="2" UNICORNVersion="7.3.0.473"><AuditTrail><AuditTrailType>Evaluation</AuditTrailType><Created>2023-03-10T16:30:07.469</Created><CreatedBy>System</CreatedBy><CreatedUtcOffsetMinutes>-300</CreatedUtcOffsetMinutes><AuditTrailEntries><AuditTrailEntry><LogTime>2023-03-10T16:30:07.469</LogTime><LogTimeUtcOffsetMinutes>-300</LogTimeUtcOffsetMinutes><AuditTrailEntryType>Evaluation</AuditTrailEntryType><GroupName>EvaluationLoggingStarted</GroupName><Operator>System</Operator><LogEntry>Logging started. User: System. UNICORN 7.3.0.473.</LogEntry><HasDetails>false</HasDetails></AuditTrailEntry><AuditTrailEntry><LogTime>2023-03-11T16:45:19.438</LogTime><LogTimeUtcOffsetMinutes>-300</LogTimeUtcOffsetMinutes><AuditTrailEntryType>Evaluation</AuditTrailEntryType><GroupName>EvaluationLoggingStarted</GroupName><Operator>Default</Operator><LogEntry>Logging started. User: Default. UNICORN 7.3.0.473.</LogEntry><HasDetails>false</HasDetails></AuditTrailEntry><AuditTrailEntry><LogTime>2023-03-11T16:45:35.568</LogTime><LogTimeUtcOffsetMinutes>-300</LogTimeUtcOffsetMinutes><AuditTrailEntryType>Evaluation</AuditTrailEntryType><GroupName>EvaluationCommandExecuted</GroupName><Operator>Default</Operator><LogEntry>Command SET_COLUMN_HEIGHT( OFF ) applied on Chrom.1.</LogEntry><HasDetails>false</HasDetails></AuditTrailEntry><AuditTrailEntry><LogTime>2023-03-11T16:45:35.57</LogTime><LogTimeUtcOffsetMinutes>-300</LogTimeUtcOffsetMinutes><AuditTrailEntryType>Evaluation</AuditTrailEntryType><GroupName>EvaluationCommandExecuted</GroupName><Operator>Default</Operator><LogEntry>Command SET_COLUMN_VT( OFF ) applied on Chrom.1.</LogEntry><HasDetails>false</HasDetails></AuditTrailEntry><AuditTrailEntry><LogTime>2023-03-11T16:45:35.571</LogTime><LogTimeUtcOffsetMinutes>-300</LogTimeUtcOffsetMinutes><AuditTrailEntryType>Evaluation</AuditTrailEntryType><GroupName>EvaluationCommandExecuted</GroupName><Operator>Default</Operator><LogEntry>Command SET_COLUMN_V0( OFF ) applied on Chrom.1.</LogEntry><HasDetails>false</HasDetails></AuditTrailEntry><AuditTrailEntry><LogTime>2023-03-11T16:45:35.572</LogTime><LogTimeUtcOffsetMinutes>-300</LogTimeUtcOffsetMinutes><AuditTrailEntryType>Evaluation</AuditTrailEntryType><GroupName>EvaluationCommandExecuted</GroupName><Operator>Default</Operator><LogEntry>Command SET_SKIM_SIZE_RATIO( OFF ) applied on Chrom.1.</LogEntry><HasDetails>false</HasDetails></AuditTrailEntry><AuditTrailEntry><LogTime>2023-03-11T16:45:35.573</LogTime><LogTimeUtcOffsetMinutes>-300</LogTimeUtcOffsetMinutes><AuditTrailEntryType>Evaluation</AuditTrailEntryType><GroupName>EvaluationCommandExecuted</GroupName><Operator>Default</Operator><LogEntry>Command NEGATIVE_PEAKS( OFF ) applied on Chrom.1.</LogEntry><HasDetails>false</HasDetails></AuditTrailEntry><AuditTrailEntry><LogTime>2023-03-11T16:45:35.574</LogTime><LogTimeUtcOffsetMinutes>-300</LogTimeUtcOffsetMinutes><AuditTrailEntryType>Evaluation</AuditTrailEntryType><GroupName>EvaluationCommandExecuted</GroupName><Operator>Default</Operator><LogEntry>Command REJECT_PEAKS( OFF, OFF, OFF, OFF, 20 ) applied on Chrom.1.</LogEntry><HasDetails>false</HasDetails></AuditTrailEntry><AuditTrailEntry><LogTime>2023-03-11T16:45:35.603</LogTime><LogTimeUtcOffsetMinutes>-300</LogTimeUtcOffsetMinutes><AuditTrailEntryType>Evaluation</AuditTrailEntryType><GroupName>EvaluationCommandExecuted</GroupName><Operator>Default</Operator><LogEntry>Command PEAK_INTEGRATE( 1, A ) applied on Chrom.1.</LogEntry><HasDetails>false</HasDetails></AuditTrailEntry><AuditTrailEntry><LogTime>2023-03-11T16:45:35.604</LogTime><LogTimeUtcOffsetMinutes>-300</LogTimeUtcOffsetMinutes><AuditTrailEntryType>Evaluation</AuditTrailEntryType><GroupName>EvaluationIntegrationWithZeroBaseline</GroupName><Operator>Default</Operator><LogEntry>Integration performed using zero baseline.</LogEntry><HasDetails>false</HasDetails></AuditTrailEntry><AuditTrailEntry><LogTime>2023-03-11T16:45:39.598</LogTime><LogTimeUtcOffsetMinutes>-300</LogTimeUtcOffsetMinutes><AuditTrailEntryType>Evaluation</AuditTrailEntryType><GroupName>EvaluationCommandExecuted</GroupName><Operator>Default</Operator><LogEntry>Command BASE( VOLUME ) applied on Chrom.1.</LogEntry><HasDetails>false</HasDetails></AuditTrailEntry><AuditTrailEntry><LogTime>2023-03-11T16:45:45.441</LogTime><LogTimeUtcOffsetMinutes>-300</LogTimeUtcOffsetMinutes><AuditTrailEntryType>Evaluation</AuditTrailEntryType><GroupName>EvaluationCommandExecuted</GroupName><Operator>Default</Operator><LogEntry>Command SET_COLUMN_HEIGHT( OFF ) applied on Chrom.1.</LogEntry><HasDetails>false</HasDetails></AuditTrailEntry><AuditTrailEntry><LogTime>2023-03-11T16:45:45.446</LogTime><LogTimeUtcOffsetMinutes>-300</LogTimeUtcOffsetMinutes><AuditTrailEntryType>Evaluation</AuditTrailEntryType><GroupName>EvaluationCommandExecuted</GroupName><Operator>Default</Operator><LogEntry>Command SET_COLUMN_VT( OFF ) applied on Chrom.1.</LogEntry><HasDetails>false</HasDetails></AuditTrailEntry><AuditTrailEntry><LogTime>2023-03-11T16:45:45.447</LogTime><LogTimeUtcOffsetMinutes>-300</LogTimeUtcOffsetMinutes><AuditTrailEntryType>Evaluation</AuditTrailEntryType><GroupName>EvaluationCommandExecuted</GroupName><Operator>Default</Operator><LogEntry>Command SET_COLUMN_V0( OFF ) applied on Chrom.1.</LogEntry><HasDetails>false</HasDetails></AuditTrailEntry><AuditTrailEntry><LogTime>2023-03-11T16:45:45.449</LogTime><LogTimeUtcOffsetMinutes>-300</LogTimeUtcOffsetMinutes><AuditTrailEntryType>Evaluation</AuditTrailEntryType><GroupName>EvaluationCommandExecuted</GroupName><Operator>Default</Operator><LogEntry>Command SET_SKIM_SIZE_RATIO( OFF ) applied on Chrom.1.</LogEntry><HasDetails>false</HasDetails></AuditTrailEntry><AuditTrailEntry><LogTime>2023-03-11T16:45:45.45</LogTime><LogTimeUtcOffsetMinutes>-300</LogTimeUtcOffsetMinutes><AuditTrailEntryType>Evaluation</AuditTrailEntryType><GroupName>EvaluationCommandExecuted</GroupName><Operator>Default</Operator><LogEntry>Command NEGATIVE_PEAKS( OFF ) applied on Chrom.1.</LogEntry><HasDetails>false</HasDetails></AuditTrailEntry><AuditTrailEntry><LogTime>2023-03-11T16:45:45.451</LogTime><LogTimeUtcOffsetMinutes>-300</LogTimeUtcOffsetMinutes><AuditTrailEntryType>Evaluation</AuditTrailEntryType><GroupName>EvaluationCommandExecuted</GroupName><Operator>Default</Operator><LogEntry>Command REJECT_PEAKS( OFF, OFF, OFF, OFF, 20 ) applied on Chrom.1.</LogEntry><HasDetails>false</HasDetails></AuditTrailEntry><AuditTrailEntry><LogTime>2023-03-11T16:45:45.485</LogTime><LogTimeUtcOffsetMinutes>-300</LogTimeUtcOffsetMinutes><AuditTrailEntryType>Evaluation</AuditTrailEntryType><GroupName>EvaluationCommandExecuted</GroupName><Operator>Default</Operator><LogEntry>Command PEAK_INTEGRATE( 1, A ) applied on Chrom.1.</LogEntry><HasDetails>false</HasDetails></AuditTrailEntry><AuditTrailEntry><LogTime>2023-03-11T16:45:45.486</LogTime><LogTimeUtcOffsetMinutes>-300</LogTimeUtcOffsetMinutes><AuditTrailEntryType>Evaluation</AuditTrailEntryType><GroupName>EvaluationIntegrationWithZeroBaseline</GroupName><Operator>Default</Operator><LogEntry>Integration performed using zero baseline.</LogEntry><HasDetails>false</HasDetails></AuditTrailEntry></AuditTrailEntries></AuditTrail></AuditTrails>