<Result xmlns:xsi="http://www.w3.org/2001/XMLSchema-instance" FormatVersion="5" UNICORNVersion="7.3.0.473"><ResultState>Evaluated</ResultState><SystemName>AKTA Pure 2350181</SystemName><SystemTypeName>NEXTAKTAchromatography</SystemTypeName><Name>10MAR23_0.7mL_Col_60cm-h_Repacked_ColumnMAbNONBINDING_Pulse 006</Name><BatchId>078bcfa3-cd03-4b98-93fb-92cfeba7c8e7</BatchId><IsArchived>false</IsArchived><RunIndex>6</RunIndex><IsReadOnly>false</IsReadOnly><RunType>Method</RunType><ResultPurpose>1</ResultPurpose><FolderPath>/DefaultHome/Soumitra/Arjun/MAR2023_0.7mL_10cm_column/09MAR23_MAbNonBindingPulse_ForExtraParticlePorosity/Repeat_pH3</FolderPath><ResultFormatVersion>3</ResultFormatVersion><ResultDocumentation><RunNote></RunNote><EvaluationNote></EvaluationNote></ResultDocumentation><ResultRunInformation RunInformationType="ColumnInformation"><RunInformation>PD94bWwgdmVyc2lvbj0iMS4wIiBlbmNvZGluZz0idXRmLTE2Ij8+PHVzZWRDb2x1bW5zIEZvcm1h
dFZlcnNpb249IjAuMSI+PGNvbHVtbj48bmFtZT5Bbnk8L25hbWU+PHZvbHVtZT4wLjc8L3ZvbHVt
ZT48dm9sdW1lVW5pdD5tbDwvdm9sdW1lVW5pdD48L2NvbHVtbj48L3VzZWRDb2x1bW5zPg==</RunInformation></ResultRunInformation><ResultRunInformation RunInformationType="InstrumentServerUNICORNVersion"><RunInformation>Ny4zLjAuNDcz</RunInformation></ResultRunInformation><ResultRunInformation RunInformationType="RunStartDate"><RunInformation>MDMvMTAvMjAyMyAxNjozMDowNyAtMDU6MDA=</RunInformation></ResultRunInformation><ResultSearchCriterias><ResultSearchCriteria><Name>ScoutingVariableValue</Name><Keyword1>Bgradient</Keyword1><Keyword2>99.2</Keyword2><ExtraDisplayInformation>%B</ExtraDisplayInformation></ResultSearchCriteria><ResultSearchCriteria><Name>ScoutingVariableValue</Name><Keyword1>ColPosition</Keyword1><Keyword2>1</Keyword2><ExtraDisplayInformation></ExtraDisplayInformation></ResultSearchCriteria><ResultSearchCriteria><Name>ScoutingVariableValue</Name><Keyword1>ColWashFlow</Keyword1><Keyword2>0.070</Keyword2><ExtraDisplayInformation>ml/min</ExtraDisplayInformation></ResultSearchCriteria><ResultSearchCriteria><Name>ScoutingVariableValue</Name><Keyword1>ColVolume</Keyword1><Keyword2>0.700</Keyword2><ExtraDisplayInformation>ml</ExtraDisplayInformation></ResultSearchCriteria><ResultSearchCriteria><Name>ScoutingVariableValue</Name><Keyword1>Conc</Keyword1><Keyword2>0</Keyword2></ResultSearchCriteria><ResultSearchCriteria><Name>VariableValue</Name><Keyword1>Delta column pressure limit</Keyword1><Keyword2>0.50</Keyword2><ExtraDisplayInformation>MPa</ExtraDisplayInformation></ResultSearchCriteria><ResultSearchCriteria><Name>ScoutingVariableValue</Name><Keyword1>EluateEndLevelUV</Keyword1><Keyword2>25</Keyword2><ExtraDisplayInformation>mAU</ExtraDisplayInformation></ResultSearchCriteria><ResultSearchCriteria><Name>ScoutingVariableValue</Name><Keyword1>EluateFracSize</Keyword1><Keyword2>15</Keyword2><ExtraDisplayInformation>ml</ExtraDisplayInformation></ResultSearchCriteria><ResultSearchCriteria><Name>ScoutingVariableValue</Name><Keyword1>EluateStartLevelUV</Keyword1><Keyword2>15</Keyword2><ExtraDisplayInformation>mAU</ExtraDisplayInformation></ResultSearchCriteria><ResultSearchCriteria><Name>ScoutingVariableValue</Name><Keyword1>ElutionBufferB</Keyword1><Keyword2>96</Keyword2><ExtraDisplayInformation>%B</ExtraDisplayInformation></ResultSearchCriteria><ResultSearchCriteria><Name>ScoutingVariableValue</Name><Keyword1>ElutionEndCV</Keyword1><Keyword2>45</Keyword2><ExtraDisplayInformation>{base}</ExtraDisplayInformation></ResultSearchCriteria><ResultSearchCriteria><Name>ScoutingVariableValue</Name><Keyword1>Elutionflow</Keyword1><Keyword2>0.17</Keyword2><ExtraDisplayInformation>ml/min</ExtraDisplayInformation></ResultSearchCriteria><ResultSearchCriteria><Name>ScoutingVariableValue</Name><Keyword1>EquiFlow</Keyword1><Keyword2>0.7</Keyword2><ExtraDisplayInformation>ml/min</ExtraDisplayInformation></ResultSearchCriteria><ResultSearchCriteria><Name>ScoutingVariableValue</Name><Keyword1>Equilibration volume</Keyword1><Keyword2>5.00</Keyword2><ExtraDisplayInformation>{base}</ExtraDisplayInformation></ResultSearchCriteria><ResultSearchCriteria><Name>VariableValue</Name><Keyword1>Flow restrictor</Keyword1><Keyword2>In-line</Keyword2></ResultSearchCriteria><ResultSearchCriteria><Name>ScoutingVariableValue</Name><Keyword1>GradLength</Keyword1><Keyword2>25</Keyword2><ExtraDisplayInformation>base</ExtraDisplayInformation></ResultSearchCriteria><ResultSearchCriteria><Name>ScoutingVariableValue</Name><Keyword1>InletA</Keyword1><Keyword2>A1</Keyword2><ExtraDisplayInformation></ExtraDisplayInformation></ResultSearchCriteria><ResultSearchCriteria><Name>VariableValue</Name><Keyword1>LoadCompensation</Keyword1><Keyword2>0.00</Keyword2><ExtraDisplayInformation>{base}</ExtraDisplayInformation></ResultSearchCriteria><ResultSearchCriteria><Name>VariableValue</Name><Keyword1>pH cell</Keyword1><Keyword2>In-line</Keyword2></ResultSearchCriteria><ResultSearchCriteria><Name>VariableValue</Name><Keyword1>Pre column pressure limit</Keyword1><Keyword2>3.00</Keyword2><ExtraDisplayInformation>MPa</ExtraDisplayInformation></ResultSearchCriteria><ResultSearchCriteria><Name>ScoutingVariableValue</Name><Keyword1>PurgeBFlow</Keyword1><Keyword2>8</Keyword2><ExtraDisplayInformation>ml/min</ExtraDisplayInformation></ResultSearchCriteria><ResultSearchCriteria><Name>ScoutingVariableValue</Name><Keyword1>PurgeBGrad</Keyword1><Keyword2>99.2</Keyword2><ExtraDisplayInformation>%B</ExtraDisplayInformation></ResultSearchCriteria><ResultSearchCriteria><Name>ScoutingVariableValue</Name><Keyword1>PurgeBVol</Keyword1><Keyword2>5.00</Keyword2><ExtraDisplayInformation>{base}</ExtraDisplayInformation></ResultSearchCriteria><ResultSearchCriteria><Name>ScoutingVariableValue</Name><Keyword1>PurgeFlow</Keyword1><Keyword2>8</Keyword2><ExtraDisplayInformation>ml/min</ExtraDisplayInformation></ResultSearchCriteria><ResultSearchCriteria><Name>ScoutingVariableValue</Name><Keyword1>PurgeVol</Keyword1><Keyword2>5.00</Keyword2><ExtraDisplayInformation>{base}</ExtraDisplayInformation></ResultSearchCriteria><ResultSearchCriteria><Name>ScoutingVariableValue</Name><Keyword1>Regen</Keyword1><Keyword2>25</Keyword2><ExtraDisplayInformation>{base}</ExtraDisplayInformation></ResultSearchCriteria><ResultSearchCriteria><Name>ScoutingVariableValue</Name><Keyword1>Regen_Bfrac</Keyword1><Keyword2>60</Keyword2><ExtraDisplayInformation>%B</ExtraDisplayInformation></ResultSearchCriteria><ResultSearchCriteria><Name>ScoutingVariableValue</Name><Keyword1>RunName</Keyword1><Keyword2>10MAR23_0.7mL_Col_60cm/h_Repacked_ColumnMAbNONBINDING_Pulse</Keyword2></ResultSearchCriteria><ResultSearchCriteria><Name>ScoutingVariableValue</Name><Keyword1>Sampleflow</Keyword1><Keyword2>0.070</Keyword2><ExtraDisplayInformation>ml/min</ExtraDisplayInformation></ResultSearchCriteria><ResultSearchCriteria><Name>ScoutingVariableValue</Name><Keyword1>SampleVol</Keyword1><Keyword2>0.10</Keyword2><ExtraDisplayInformation>{base}</ExtraDisplayInformation></ResultSearchCriteria><ResultSearchCriteria><Name>VariableValue</Name><Keyword1>UV averaging time</Keyword1><Keyword2>2.5</Keyword2><ExtraDisplayInformation>sec</ExtraDisplayInformation></ResultSearchCriteria><ResultSearchCriteria><Name>VariableValue</Name><Keyword1>UV1</Keyword1><Keyword2>280</Keyword2><ExtraDisplayInformation>nm</ExtraDisplayInformation></ResultSearchCriteria><ResultSearchCriteria><Name>VariableValue</Name><Keyword1>UV2</Keyword1><Keyword2>295</Keyword2><ExtraDisplayInformation>nm</ExtraDisplayInformation></ResultSearchCriteria><ResultSearchCriteria><Name>VariableValue</Name><Keyword1>UV3</Keyword1><Keyword2>Off</Keyword2><ExtraDisplayInformation>nm</ExtraDisplayInformation></ResultSearchCriteria><ResultSearchCriteria><Name>ScoutingVariableValue</Name><Keyword1>Wash Volume</Keyword1><Keyword2>3</Keyword2><ExtraDisplayInformation>{base}</ExtraDisplayInformation></ResultSearchCriteria></ResultSearchCriterias><Chromatograms><Chromatogram><ChromatogramFileName>Chrom.1</ChromatogramFileName><ChromatogramName>Chrom.1</ChromatogramName></Chromatogram></Chromatograms><IsArchivingAllowed>true</IsArchivingAllowed><IsLegacy>false</IsLegacy><CreatedBy>Default</CreatedBy><Created>2023-03-10T16:30:07.331</Created><CreatedUtcOffsetMinutes>-300</CreatedUtcOffsetMinutes><LastModifiedBy>Default</LastModifiedBy><LastModified>2023-03-11T17:09:23.922</LastModified><LastModifiedUtcOffsetMinutes>-300</LastModifiedUtcOffsetMinutes><ResultAuxiliary /></Result>